{
  "parent": "minecraft:item/generated",
  "textures": {
    "layer0": "minecraft:item/weapon/world_tide_sword_blade"
  },
	"gui_light": "front",
	"display": {
		"thirdperson_righthand": {
			"translation": [0, 3, 1],
			"scale": [0.55, 0.55, 0.55]
		},
		"firstperson_righthand": {
			"rotation": [0, -90, 25],
			"translation": [1.13, 3.2, 1.13],
			"scale": [0.68, 0.68, 0.68]
		},
		"ground": {
			"translation": [0, 2, 0],
			"scale": [0.5, 0.5, 0.5]
		},
		"head": {
			"rotation": [-45, 90, 0],
			"translation": [0, 0, 7]
		},
		"fixed": {
			"rotation": [0, 180, 0]
		}
	}
}