{
  "parent": "minecraft:item/generated",
  "textures": {
    "layer0": "minecraft:item/rabbit_hide"
  },
  "overrides":[
      {"predicate":{"custom_model_data":624001},"model":"item/gem/red_gem"},
      {"predicate":{"custom_model_data":624002},"model":"item/gem/orange_gem"},
      {"predicate":{"custom_model_data":624003},"model":"item/gem/yellow_gem"},
      {"predicate":{"custom_model_data":624004},"model":"item/gem/yellow_green_gem"},
      {"predicate":{"custom_model_data":624005},"model":"item/gem/cyan_gem"},
      {"predicate":{"custom_model_data":624006},"model":"item/gem/light_blue_gem"},
      {"predicate":{"custom_model_data":624007},"model":"item/gem/blue_gem"},
      {"predicate":{"custom_model_data":624008},"model":"item/gem/purple_gem"},
      {"predicate":{"custom_model_data":624009},"model":"item/gem/magenta_gem"},
      {"predicate":{"custom_model_data":624010},"model":"item/gem/pink_gem"},
      {"predicate":{"custom_model_data":624101},"model":"item/ingot/rainbow_ingot"},
      {"predicate":{"custom_model_data":624901},"model":"item/weapon/world_tide_sword_blade","Note":""}
  ]
}